text,label
Disk space critically low on /dev/sda1,error
Critical system failure: memory leak detected,error
Critical system failure: memory leak detected,error
Disk space critically low on /dev/sda1,error
Connection timeout: unable to reach server,error
Connection established to database,info
Critical system failure: memory leak detected,error
Database connection lost: unexpected shutdown,error
User logged in successfully,info
User logged in successfully,info
Request processed in 20ms,info
Database connection lost: unexpected shutdown,error
Permission denied: access to /etc/config rejected,error
Connection timeout: unable to reach server,error
API call returned 200 OK,info
Disk space critically low on /dev/sda1,error
Critical system failure: memory leak detected,error
Cache refreshed successfully,info
Cache refreshed successfully,info
User logged in successfully,info
Critical system failure: memory leak detected,error
User logged in successfully,info
Connection timeout: unable to reach server,error
Connection established to database,info
Request processed in 20ms,info
Database connection lost: unexpected shutdown,error
Connection timeout: unable to reach server,error
Database connection lost: unexpected shutdown,error
Request processed in 20ms,info
Database connection lost: unexpected shutdown,error
Connection timeout: unable to reach server,error
Cache refreshed successfully,info
Critical system failure: memory leak detected,error
User logged in successfully,info
Permission denied: access to /etc/config rejected,error
API call returned 200 OK,info
User logged in successfully,info
NullPointerException at line 452 in main.py,error
Connection timeout: unable to reach server,error
Connection established to database,info
NullPointerException at line 452 in main.py,error
Disk space critically low on /dev/sda1,error
Request processed in 20ms,info
Permission denied: access to /etc/config rejected,error
NullPointerException at line 452 in main.py,error
Permission denied: access to /etc/config rejected,error
Database connection lost: unexpected shutdown,error
Connection established to database,info
Connection timeout: unable to reach server,error
Critical system failure: memory leak detected,error
User logged in successfully,info
User logged in successfully,info
NullPointerException at line 452 in main.py,error
Connection established to database,info
Connection established to database,info
NullPointerException at line 452 in main.py,error
Connection established to database,info
Database connection lost: unexpected shutdown,error
Heartbeat signal received,info
Critical system failure: memory leak detected,error
NullPointerException at line 452 in main.py,error
Critical system failure: memory leak detected,error
User logged in successfully,info
Permission denied: access to /etc/config rejected,error
Permission denied: access to /etc/config rejected,error
Cache refreshed successfully,info
Connection timeout: unable to reach server,error
Critical system failure: memory leak detected,error
Request processed in 20ms,info
User logged in successfully,info
Cache refreshed successfully,info
Database connection lost: unexpected shutdown,error
User logged in successfully,info
Request processed in 20ms,info
Request processed in 20ms,info
Permission denied: access to /etc/config rejected,error
Request processed in 20ms,info
Connection timeout: unable to reach server,error
API call returned 200 OK,info
Connection timeout: unable to reach server,error
Permission denied: access to /etc/config rejected,error
User logged in successfully,info
Critical system failure: memory leak detected,error
Connection established to database,info
Disk space critically low on /dev/sda1,error
Request processed in 20ms,info
Connection established to database,info
Critical system failure: memory leak detected,error
Heartbeat signal received,info
NullPointerException at line 452 in main.py,error
Request processed in 20ms,info
Request processed in 20ms,info
User logged in successfully,info
Critical system failure: memory leak detected,error
Permission denied: access to /etc/config rejected,error
Permission denied: access to /etc/config rejected,error
Connection timeout: unable to reach server,error
Database connection lost: unexpected shutdown,error
Request processed in 20ms,info
Cache refreshed successfully,info
Connection timeout: unable to reach server,error
Request processed in 20ms,info
Disk space critically low on /dev/sda1,error
Connection timeout: unable to reach server,error
Permission denied: access to /etc/config rejected,error
Permission denied: access to /etc/config rejected,error
Cache refreshed successfully,info
Disk space critically low on /dev/sda1,error
NullPointerException at line 452 in main.py,error
Permission denied: access to /etc/config rejected,error
NullPointerException at line 452 in main.py,error
User logged in successfully,info
Critical system failure: memory leak detected,error
Cache refreshed successfully,info
Critical system failure: memory leak detected,error
User logged in successfully,info
Cache refreshed successfully,info
Disk space critically low on /dev/sda1,error
Cache refreshed successfully,info
User logged in successfully,info
Heartbeat signal received,info
Heartbeat signal received,info
Connection timeout: unable to reach server,error
Connection timeout: unable to reach server,error
Disk space critically low on /dev/sda1,error
Permission denied: access to /etc/config rejected,error
Disk space critically low on /dev/sda1,error
Heartbeat signal received,info
Database connection lost: unexpected shutdown,error
Disk space critically low on /dev/sda1,error
Cache refreshed successfully,info
Disk space critically low on /dev/sda1,error
Connection established to database,info
Permission denied: access to /etc/config rejected,error
Cache refreshed successfully,info
Cache refreshed successfully,info
Permission denied: access to /etc/config rejected,error
Database connection lost: unexpected shutdown,error
Permission denied: access to /etc/config rejected,error
Request processed in 20ms,info
Connection timeout: unable to reach server,error
Database connection lost: unexpected shutdown,error
API call returned 200 OK,info
Disk space critically low on /dev/sda1,error
Permission denied: access to /etc/config rejected,error
Disk space critically low on /dev/sda1,error
Permission denied: access to /etc/config rejected,error
Cache refreshed successfully,info
Connection established to database,info
Disk space critically low on /dev/sda1,error
Cache refreshed successfully,info
Disk space critically low on /dev/sda1,error
Request processed in 20ms,info
User logged in successfully,info
User logged in successfully,info
Critical system failure: memory leak detected,error
Disk space critically low on /dev/sda1,error
Disk space critically low on /dev/sda1,error
Disk space critically low on /dev/sda1,error
Heartbeat signal received,info
Disk space critically low on /dev/sda1,error
Cache refreshed successfully,info
Connection established to database,info
Disk space critically low on /dev/sda1,error
Cache refreshed successfully,info
API call returned 200 OK,info
Critical system failure: memory leak detected,error
Connection established to database,info
NullPointerException at line 452 in main.py,error
Heartbeat signal received,info
Permission denied: access to /etc/config rejected,error
Database connection lost: unexpected shutdown,error
User logged in successfully,info
User logged in successfully,info
API call returned 200 OK,info
Request processed in 20ms,info
User logged in successfully,info
User logged in successfully,info
Permission denied: access to /etc/config rejected,error
Heartbeat signal received,info
Request processed in 20ms,info
Connection established to database,info
Request processed in 20ms,info
Connection established to database,info
User logged in successfully,info
Permission denied: access to /etc/config rejected,error
Critical system failure: memory leak detected,error
Cache refreshed successfully,info
NullPointerException at line 452 in main.py,error
Heartbeat signal received,info
Database connection lost: unexpected shutdown,error
Critical system failure: memory leak detected,error
Database connection lost: unexpected shutdown,error
Database connection lost: unexpected shutdown,error
Connection timeout: unable to reach server,error
Request processed in 20ms,info
Connection timeout: unable to reach server,error
Critical system failure: memory leak detected,error
Permission denied: access to /etc/config rejected,error
NullPointerException at line 452 in main.py,error
NullPointerException at line 452 in main.py,error
Connection established to database,info
Critical system failure: memory leak detected,error
Disk space critically low on /dev/sda1,error
API call returned 200 OK,info
Disk space critically low on /dev/sda1,error
NullPointerException at line 452 in main.py,error
Request processed in 20ms,info
Connection timeout: unable to reach server,error
NullPointerException at line 452 in main.py,error
Request processed in 20ms,info
Permission denied: access to /etc/config rejected,error
Cache refreshed successfully,info
Permission denied: access to /etc/config rejected,error
Heartbeat signal received,info
Cache refreshed successfully,info
Permission denied: access to /etc/config rejected,error
NullPointerException at line 452 in main.py,error
Disk space critically low on /dev/sda1,error
NullPointerException at line 452 in main.py,error
Connection established to database,info
Request processed in 20ms,info
API call returned 200 OK,info
Permission denied: access to /etc/config rejected,error
Connection established to database,info
Connection timeout: unable to reach server,error
Heartbeat signal received,info
API call returned 200 OK,info
Permission denied: access to /etc/config rejected,error
Permission denied: access to /etc/config rejected,error
Database connection lost: unexpected shutdown,error
NullPointerException at line 452 in main.py,error
NullPointerException at line 452 in main.py,error
Cache refreshed successfully,info
Disk space critically low on /dev/sda1,error
Connection established to database,info
API call returned 200 OK,info
Database connection lost: unexpected shutdown,error
API call returned 200 OK,info
Connection established to database,info
Critical system failure: memory leak detected,error
Cache refreshed successfully,info
Request processed in 20ms,info
Connection timeout: unable to reach server,error
Permission denied: access to /etc/config rejected,error
NullPointerException at line 452 in main.py,error
Disk space critically low on /dev/sda1,error
Disk space critically low on /dev/sda1,error
Heartbeat signal received,info
Heartbeat signal received,info
API call returned 200 OK,info
Request processed in 20ms,info
Database connection lost: unexpected shutdown,error
API call returned 200 OK,info
NullPointerException at line 452 in main.py,error
User logged in successfully,info
User logged in successfully,info
NullPointerException at line 452 in main.py,error
Request processed in 20ms,info
Database connection lost: unexpected shutdown,error
Database connection lost: unexpected shutdown,error
NullPointerException at line 452 in main.py,error
API call returned 200 OK,info
Connection established to database,info
Connection timeout: unable to reach server,error
Connection established to database,info
Connection established to database,info
User logged in successfully,info
Connection established to database,info
API call returned 200 OK,info
API call returned 200 OK,info
Disk space critically low on /dev/sda1,error
Connection timeout: unable to reach server,error
Database connection lost: unexpected shutdown,error
NullPointerException at line 452 in main.py,error
Connection timeout: unable to reach server,error
Cache refreshed successfully,info
Critical system failure: memory leak detected,error
Heartbeat signal received,info
Connection timeout: unable to reach server,error
Permission denied: access to /etc/config rejected,error
Permission denied: access to /etc/config rejected,error
Request processed in 20ms,info
Cache refreshed successfully,info
Heartbeat signal received,info
API call returned 200 OK,info
Connection established to database,info
Database connection lost: unexpected shutdown,error
Cache refreshed successfully,info
User logged in successfully,info
API call returned 200 OK,info
User logged in successfully,info
Connection established to database,info
Permission denied: access to /etc/config rejected,error
Database connection lost: unexpected shutdown,error
Request processed in 20ms,info
Disk space critically low on /dev/sda1,error
NullPointerException at line 452 in main.py,error
Critical system failure: memory leak detected,error
Disk space critically low on /dev/sda1,error
User logged in successfully,info
Connection established to database,info
Cache refreshed successfully,info
User logged in successfully,info
Permission denied: access to /etc/config rejected,error
Heartbeat signal received,info
Cache refreshed successfully,info
Critical system failure: memory leak detected,error
Disk space critically low on /dev/sda1,error
Heartbeat signal received,info
Heartbeat signal received,info
Connection established to database,info
Connection established to database,info
Connection established to database,info
Connection timeout: unable to reach server,error
Database connection lost: unexpected shutdown,error
Cache refreshed successfully,info
Cache refreshed successfully,info
Cache refreshed successfully,info
API call returned 200 OK,info
Database connection lost: unexpected shutdown,error
Database connection lost: unexpected shutdown,error
NullPointerException at line 452 in main.py,error
API call returned 200 OK,info
API call returned 200 OK,info
Database connection lost: unexpected shutdown,error
User logged in successfully,info
Connection timeout: unable to reach server,error
Cache refreshed successfully,info
Database connection lost: unexpected shutdown,error
Cache refreshed successfully,info
Permission denied: access to /etc/config rejected,error
Connection timeout: unable to reach server,error
Connection timeout: unable to reach server,error
User logged in successfully,info
Heartbeat signal received,info
Cache refreshed successfully,info
Disk space critically low on /dev/sda1,error
Database connection lost: unexpected shutdown,error
User logged in successfully,info
Connection timeout: unable to reach server,error
NullPointerException at line 452 in main.py,error
Request processed in 20ms,info
Permission denied: access to /etc/config rejected,error
Critical system failure: memory leak detected,error
Request processed in 20ms,info
Critical system failure: memory leak detected,error
Critical system failure: memory leak detected,error
Connection timeout: unable to reach server,error
NullPointerException at line 452 in main.py,error
Heartbeat signal received,info
Critical system failure: memory leak detected,error
Permission denied: access to /etc/config rejected,error
Connection established to database,info
Disk space critically low on /dev/sda1,error
Disk space critically low on /dev/sda1,error
Connection established to database,info
Heartbeat signal received,info
User logged in successfully,info
API call returned 200 OK,info
Request processed in 20ms,info
Cache refreshed successfully,info
Heartbeat signal received,info
Disk space critically low on /dev/sda1,error
User logged in successfully,info
Heartbeat signal received,info
Cache refreshed successfully,info
Critical system failure: memory leak detected,error
Connection established to database,info
Heartbeat signal received,info
Connection timeout: unable to reach server,error
Disk space critically low on /dev/sda1,error
Critical system failure: memory leak detected,error
User logged in successfully,info
API call returned 200 OK,info
Database connection lost: unexpected shutdown,error
API call returned 200 OK,info
Critical system failure: memory leak detected,error
Permission denied: access to /etc/config rejected,error
Permission denied: access to /etc/config rejected,error
Cache refreshed successfully,info
Connection established to database,info
Request processed in 20ms,info
Cache refreshed successfully,info
API call returned 200 OK,info
User logged in successfully,info
Permission denied: access to /etc/config rejected,error
Cache refreshed successfully,info
Cache refreshed successfully,info
Heartbeat signal received,info
Cache refreshed successfully,info
Request processed in 20ms,info
Database connection lost: unexpected shutdown,error
NullPointerException at line 452 in main.py,error
Request processed in 20ms,info
Database connection lost: unexpected shutdown,error
Critical system failure: memory leak detected,error
Connection established to database,info
API call returned 200 OK,info
API call returned 200 OK,info
Critical system failure: memory leak detected,error
API call returned 200 OK,info
Disk space critically low on /dev/sda1,error
API call returned 200 OK,info
API call returned 200 OK,info
API call returned 200 OK,info
Heartbeat signal received,info
User logged in successfully,info
Heartbeat signal received,info
Request processed in 20ms,info
Connection timeout: unable to reach server,error
Permission denied: access to /etc/config rejected,error
Cache refreshed successfully,info
Database connection lost: unexpected shutdown,error
Heartbeat signal received,info
Critical system failure: memory leak detected,error
Connection timeout: unable to reach server,error
Heartbeat signal received,info
Heartbeat signal received,info
Request processed in 20ms,info
Request processed in 20ms,info
User logged in successfully,info
Disk space critically low on /dev/sda1,error
Permission denied: access to /etc/config rejected,error
Database connection lost: unexpected shutdown,error
Connection timeout: unable to reach server,error
Connection established to database,info
Cache refreshed successfully,info
API call returned 200 OK,info
Disk space critically low on /dev/sda1,error
Critical system failure: memory leak detected,error
Connection established to database,info
NullPointerException at line 452 in main.py,error
Connection timeout: unable to reach server,error
User logged in successfully,info
Heartbeat signal received,info
Disk space critically low on /dev/sda1,error
Cache refreshed successfully,info
Connection established to database,info
Request processed in 20ms,info
Disk space critically low on /dev/sda1,error
API call returned 200 OK,info
Critical system failure: memory leak detected,error
Critical system failure: memory leak detected,error
Heartbeat signal received,info
Heartbeat signal received,info
Permission denied: access to /etc/config rejected,error
Database connection lost: unexpected shutdown,error
Disk space critically low on /dev/sda1,error
Cache refreshed successfully,info
Connection timeout: unable to reach server,error
Heartbeat signal received,info
Cache refreshed successfully,info
Critical system failure: memory leak detected,error
Database connection lost: unexpected shutdown,error
API call returned 200 OK,info
API call returned 200 OK,info
NullPointerException at line 452 in main.py,error
Critical system failure: memory leak detected,error
Database connection lost: unexpected shutdown,error
Connection timeout: unable to reach server,error
Request processed in 20ms,info
Connection timeout: unable to reach server,error
Connection timeout: unable to reach server,error
Request processed in 20ms,info
User logged in successfully,info
Connection timeout: unable to reach server,error
Connection established to database,info
NullPointerException at line 452 in main.py,error
API call returned 200 OK,info
Heartbeat signal received,info
Disk space critically low on /dev/sda1,error
Heartbeat signal received,info
Permission denied: access to /etc/config rejected,error
Database connection lost: unexpected shutdown,error
User logged in successfully,info
Connection established to database,info
Connection established to database,info
User logged in successfully,info
Critical system failure: memory leak detected,error
Cache refreshed successfully,info
Permission denied: access to /etc/config rejected,error
Critical system failure: memory leak detected,error
User logged in successfully,info
Database connection lost: unexpected shutdown,error
NullPointerException at line 452 in main.py,error
Heartbeat signal received,info
Database connection lost: unexpected shutdown,error
Database connection lost: unexpected shutdown,error
Critical system failure: memory leak detected,error
NullPointerException at line 452 in main.py,error
Disk space critically low on /dev/sda1,error
Database connection lost: unexpected shutdown,error
API call returned 200 OK,info
Critical system failure: memory leak detected,error
Cache refreshed successfully,info
Connection timeout: unable to reach server,error
API call returned 200 OK,info
Connection timeout: unable to reach server,error
Database connection lost: unexpected shutdown,error
Connection timeout: unable to reach server,error
Heartbeat signal received,info
API call returned 200 OK,info
User logged in successfully,info
Critical system failure: memory leak detected,error
Heartbeat signal received,info
Permission denied: access to /etc/config rejected,error
Disk space critically low on /dev/sda1,error
NullPointerException at line 452 in main.py,error
Connection established to database,info
Heartbeat signal received,info
Cache refreshed successfully,info
Permission denied: access to /etc/config rejected,error
NullPointerException at line 452 in main.py,error
Connection timeout: unable to reach server,error
Disk space critically low on /dev/sda1,error
API call returned 200 OK,info
Cache refreshed successfully,info
Heartbeat signal received,info
Connection established to database,info
User logged in successfully,info
User logged in successfully,info
Connection timeout: unable to reach server,error
Request processed in 20ms,info
User logged in successfully,info
Cache refreshed successfully,info
Disk space critically low on /dev/sda1,error
NullPointerException at line 452 in main.py,error
Cache refreshed successfully,info
Connection established to database,info
Disk space critically low on /dev/sda1,error
Database connection lost: unexpected shutdown,error
Cache refreshed successfully,info
Database connection lost: unexpected shutdown,error
Cache refreshed successfully,info
User logged in successfully,info
Disk space critically low on /dev/sda1,error
Database connection lost: unexpected shutdown,error
Permission denied: access to /etc/config rejected,error
Disk space critically low on /dev/sda1,error
API call returned 200 OK,info
Request processed in 20ms,info
Connection timeout: unable to reach server,error
API call returned 200 OK,info
User logged in successfully,info
Disk space critically low on /dev/sda1,error
NullPointerException at line 452 in main.py,error
Request processed in 20ms,info
Cache refreshed successfully,info
Connection timeout: unable to reach server,error
Request processed in 20ms,info
Connection established to database,info
Connection timeout: unable to reach server,error
Cache refreshed successfully,info
Connection established to database,info
NullPointerException at line 452 in main.py,error
User logged in successfully,info
Connection established to database,info
API call returned 200 OK,info
Request processed in 20ms,info
Critical system failure: memory leak detected,error
Connection established to database,info
Critical system failure: memory leak detected,error
Request processed in 20ms,info
Request processed in 20ms,info
Cache refreshed successfully,info
Cache refreshed successfully,info
Heartbeat signal received,info
API call returned 200 OK,info
Request processed in 20ms,info
API call returned 200 OK,info
Disk space critically low on /dev/sda1,error
Request processed in 20ms,info
Connection established to database,info
Request processed in 20ms,info
Critical system failure: memory leak detected,error
Permission denied: access to /etc/config rejected,error
Cache refreshed successfully,info
Permission denied: access to /etc/config rejected,error
API call returned 200 OK,info
Heartbeat signal received,info
Critical system failure: memory leak detected,error
Connection established to database,info
Cache refreshed successfully,info
Connection established to database,info
API call returned 200 OK,info
Request processed in 20ms,info
Database connection lost: unexpected shutdown,error
Cache refreshed successfully,info
NullPointerException at line 452 in main.py,error
Cache refreshed successfully,info
User logged in successfully,info
Disk space critically low on /dev/sda1,error
API call returned 200 OK,info
Disk space critically low on /dev/sda1,error
User logged in successfully,info
User logged in successfully,info
API call returned 200 OK,info
Heartbeat signal received,info
API call returned 200 OK,info
Request processed in 20ms,info
User logged in successfully,info
Connection timeout: unable to reach server,error
Request processed in 20ms,info
API call returned 200 OK,info
Connection established to database,info
Request processed in 20ms,info
Disk space critically low on /dev/sda1,error
Request processed in 20ms,info
Critical system failure: memory leak detected,error
Connection established to database,info
NullPointerException at line 452 in main.py,error
Database connection lost: unexpected shutdown,error
Disk space critically low on /dev/sda1,error
Permission denied: access to /etc/config rejected,error
Request processed in 20ms,info
Request processed in 20ms,info
Critical system failure: memory leak detected,error
User logged in successfully,info
Connection timeout: unable to reach server,error
User logged in successfully,info
Heartbeat signal received,info
Database connection lost: unexpected shutdown,error
Request processed in 20ms,info
Database connection lost: unexpected shutdown,error
Connection timeout: unable to reach server,error
Connection timeout: unable to reach server,error
API call returned 200 OK,info
Disk space critically low on /dev/sda1,error
API call returned 200 OK,info
Cache refreshed successfully,info
Connection established to database,info
Disk space critically low on /dev/sda1,error
Permission denied: access to /etc/config rejected,error
Connection timeout: unable to reach server,error
Connection timeout: unable to reach server,error
User logged in successfully,info
Permission denied: access to /etc/config rejected,error
API call returned 200 OK,info
Request processed in 20ms,info
Database connection lost: unexpected shutdown,error
NullPointerException at line 452 in main.py,error
Disk space critically low on /dev/sda1,error
User logged in successfully,info
Connection timeout: unable to reach server,error
API call returned 200 OK,info
Request processed in 20ms,info
Connection established to database,info
NullPointerException at line 452 in main.py,error
User logged in successfully,info
Connection timeout: unable to reach server,error
Permission denied: access to /etc/config rejected,error
Permission denied: access to /etc/config rejected,error
Database connection lost: unexpected shutdown,error
Disk space critically low on /dev/sda1,error
Connection established to database,info
NullPointerException at line 452 in main.py,error
User logged in successfully,info
Request processed in 20ms,info
NullPointerException at line 452 in main.py,error
Connection established to database,info
Critical system failure: memory leak detected,error
Critical system failure: memory leak detected,error
API call returned 200 OK,info
NullPointerException at line 452 in main.py,error
Permission denied: access to /etc/config rejected,error
Request processed in 20ms,info
Request processed in 20ms,info
Connection timeout: unable to reach server,error
Database connection lost: unexpected shutdown,error
Database connection lost: unexpected shutdown,error
Database connection lost: unexpected shutdown,error
Heartbeat signal received,info
Connection established to database,info
User logged in successfully,info
Heartbeat signal received,info
Database connection lost: unexpected shutdown,error
Database connection lost: unexpected shutdown,error
Connection established to database,info
Permission denied: access to /etc/config rejected,error
API call returned 200 OK,info
Critical system failure: memory leak detected,error
Connection timeout: unable to reach server,error
Connection established to database,info
Heartbeat signal received,info
Permission denied: access to /etc/config rejected,error
Disk space critically low on /dev/sda1,error
Permission denied: access to /etc/config rejected,error
Connection timeout: unable to reach server,error
Heartbeat signal received,info
Request processed in 20ms,info
Connection established to database,info
Heartbeat signal received,info
Cache refreshed successfully,info
Connection timeout: unable to reach server,error
Heartbeat signal received,info
Database connection lost: unexpected shutdown,error
Heartbeat signal received,info
Request processed in 20ms,info
Request processed in 20ms,info
API call returned 200 OK,info
Connection timeout: unable to reach server,error
Permission denied: access to /etc/config rejected,error
API call returned 200 OK,info
Connection established to database,info
API call returned 200 OK,info
Critical system failure: memory leak detected,error
API call returned 200 OK,info
NullPointerException at line 452 in main.py,error
Disk space critically low on /dev/sda1,error
NullPointerException at line 452 in main.py,error
Disk space critically low on /dev/sda1,error
Connection established to database,info
Database connection lost: unexpected shutdown,error
Heartbeat signal received,info
NullPointerException at line 452 in main.py,error
User logged in successfully,info
Request processed in 20ms,info
Connection established to database,info
Disk space critically low on /dev/sda1,error
Connection timeout: unable to reach server,error
Permission denied: access to /etc/config rejected,error
Critical system failure: memory leak detected,error
Connection timeout: unable to reach server,error
Permission denied: access to /etc/config rejected,error
NullPointerException at line 452 in main.py,error
Request processed in 20ms,info
NullPointerException at line 452 in main.py,error
Critical system failure: memory leak detected,error
Heartbeat signal received,info
Connection established to database,info
Disk space critically low on /dev/sda1,error
Permission denied: access to /etc/config rejected,error
NullPointerException at line 452 in main.py,error
Disk space critically low on /dev/sda1,error
Request processed in 20ms,info
User logged in successfully,info
Critical system failure: memory leak detected,error
Permission denied: access to /etc/config rejected,error
User logged in successfully,info
API call returned 200 OK,info
Critical system failure: memory leak detected,error
Disk space critically low on /dev/sda1,error
User logged in successfully,info
NullPointerException at line 452 in main.py,error
Disk space critically low on /dev/sda1,error
Connection established to database,info
User logged in successfully,info
API call returned 200 OK,info
Heartbeat signal received,info
Heartbeat signal received,info
Heartbeat signal received,info
Disk space critically low on /dev/sda1,error
Disk space critically low on /dev/sda1,error
Database connection lost: unexpected shutdown,error
Connection established to database,info
NullPointerException at line 452 in main.py,error
NullPointerException at line 452 in main.py,error
Permission denied: access to /etc/config rejected,error
Connection established to database,info
Connection timeout: unable to reach server,error
Disk space critically low on /dev/sda1,error
Database connection lost: unexpected shutdown,error
User logged in successfully,info
Heartbeat signal received,info
Critical system failure: memory leak detected,error
Cache refreshed successfully,info
API call returned 200 OK,info
API call returned 200 OK,info
Connection timeout: unable to reach server,error
User logged in successfully,info
API call returned 200 OK,info
API call returned 200 OK,info
Heartbeat signal received,info
Request processed in 20ms,info
Connection timeout: unable to reach server,error
Permission denied: access to /etc/config rejected,error
Permission denied: access to /etc/config rejected,error
NullPointerException at line 452 in main.py,error
NullPointerException at line 452 in main.py,error
NullPointerException at line 452 in main.py,error
Request processed in 20ms,info
Connection established to database,info
Database connection lost: unexpected shutdown,error
NullPointerException at line 452 in main.py,error
Connection timeout: unable to reach server,error
Database connection lost: unexpected shutdown,error
Permission denied: access to /etc/config rejected,error
Connection timeout: unable to reach server,error
User logged in successfully,info
User logged in successfully,info
Permission denied: access to /etc/config rejected,error
NullPointerException at line 452 in main.py,error
Disk space critically low on /dev/sda1,error
Cache refreshed successfully,info
Connection timeout: unable to reach server,error
NullPointerException at line 452 in main.py,error
Heartbeat signal received,info
Database connection lost: unexpected shutdown,error
Cache refreshed successfully,info
Critical system failure: memory leak detected,error
Permission denied: access to /etc/config rejected,error
Cache refreshed successfully,info
Connection timeout: unable to reach server,error
Disk space critically low on /dev/sda1,error
API call returned 200 OK,info
Connection established to database,info
Request processed in 20ms,info
Disk space critically low on /dev/sda1,error
Heartbeat signal received,info
Disk space critically low on /dev/sda1,error
Permission denied: access to /etc/config rejected,error
Critical system failure: memory leak detected,error
NullPointerException at line 452 in main.py,error
Heartbeat signal received,info
Critical system failure: memory leak detected,error
Database connection lost: unexpected shutdown,error
User logged in successfully,info
API call returned 200 OK,info
Heartbeat signal received,info
User logged in successfully,info
API call returned 200 OK,info
Cache refreshed successfully,info
Critical system failure: memory leak detected,error
Request processed in 20ms,info
API call returned 200 OK,info
Connection timeout: unable to reach server,error
Connection established to database,info
NullPointerException at line 452 in main.py,error
Connection timeout: unable to reach server,error
Database connection lost: unexpected shutdown,error
Critical system failure: memory leak detected,error
User logged in successfully,info
Critical system failure: memory leak detected,error
Connection established to database,info
Database connection lost: unexpected shutdown,error
Critical system failure: memory leak detected,error
Request processed in 20ms,info
Disk space critically low on /dev/sda1,error
NullPointerException at line 452 in main.py,error
Cache refreshed successfully,info
Request processed in 20ms,info
Critical system failure: memory leak detected,error
Disk space critically low on /dev/sda1,error
Database connection lost: unexpected shutdown,error
Permission denied: access to /etc/config rejected,error
Connection timeout: unable to reach server,error
Database connection lost: unexpected shutdown,error
Connection established to database,info
Database connection lost: unexpected shutdown,error
Disk space critically low on /dev/sda1,error
NullPointerException at line 452 in main.py,error
API call returned 200 OK,info
Database connection lost: unexpected shutdown,error
Critical system failure: memory leak detected,error
Connection timeout: unable to reach server,error
Database connection lost: unexpected shutdown,error
Critical system failure: memory leak detected,error
User logged in successfully,info
Request processed in 20ms,info
Permission denied: access to /etc/config rejected,error
Permission denied: access to /etc/config rejected,error
API call returned 200 OK,info
Heartbeat signal received,info
Database connection lost: unexpected shutdown,error
Database connection lost: unexpected shutdown,error
Database connection lost: unexpected shutdown,error
Disk space critically low on /dev/sda1,error
Permission denied: access to /etc/config rejected,error
Disk space critically low on /dev/sda1,error
Disk space critically low on /dev/sda1,error
API call returned 200 OK,info
Disk space critically low on /dev/sda1,error
Heartbeat signal received,info
NullPointerException at line 452 in main.py,error
Connection established to database,info
Connection established to database,info
Request processed in 20ms,info
Request processed in 20ms,info
Permission denied: access to /etc/config rejected,error
Permission denied: access to /etc/config rejected,error
Database connection lost: unexpected shutdown,error
API call returned 200 OK,info
User logged in successfully,info
API call returned 200 OK,info
Critical system failure: memory leak detected,error
User logged in successfully,info
Heartbeat signal received,info
Database connection lost: unexpected shutdown,error
Cache refreshed successfully,info
API call returned 200 OK,info
Request processed in 20ms,info
Disk space critically low on /dev/sda1,error
Request processed in 20ms,info
Disk space critically low on /dev/sda1,error
Critical system failure: memory leak detected,error
API call returned 200 OK,info
Permission denied: access to /etc/config rejected,error
Connection established to database,info
Critical system failure: memory leak detected,error
Connection established to database,info
Disk space critically low on /dev/sda1,error
Heartbeat signal received,info
User logged in successfully,info
Disk space critically low on /dev/sda1,error
NullPointerException at line 452 in main.py,error
Database connection lost: unexpected shutdown,error
API call returned 200 OK,info
Heartbeat signal received,info
User logged in successfully,info
NullPointerException at line 452 in main.py,error
Request processed in 20ms,info
NullPointerException at line 452 in main.py,error
Request processed in 20ms,info
API call returned 200 OK,info
Connection established to database,info
Disk space critically low on /dev/sda1,error
Cache refreshed successfully,info
Connection timeout: unable to reach server,error
Heartbeat signal received,info
API call returned 200 OK,info
Connection timeout: unable to reach server,error
Disk space critically low on /dev/sda1,error
Connection established to database,info
Request processed in 20ms,info
Heartbeat signal received,info
Critical system failure: memory leak detected,error
User logged in successfully,info
Disk space critically low on /dev/sda1,error
Permission denied: access to /etc/config rejected,error
Disk space critically low on /dev/sda1,error
Cache refreshed successfully,info
API call returned 200 OK,info
Permission denied: access to /etc/config rejected,error
Permission denied: access to /etc/config rejected,error
Database connection lost: unexpected shutdown,error
User logged in successfully,info
Cache refreshed successfully,info
Connection timeout: unable to reach server,error
Permission denied: access to /etc/config rejected,error
Heartbeat signal received,info
API call returned 200 OK,info
NullPointerException at line 452 in main.py,error
Database connection lost: unexpected shutdown,error
API call returned 200 OK,info
Permission denied: access to /etc/config rejected,error
Heartbeat signal received,info
Permission denied: access to /etc/config rejected,error
Database connection lost: unexpected shutdown,error
NullPointerException at line 452 in main.py,error
NullPointerException at line 452 in main.py,error
Permission denied: access to /etc/config rejected,error
Connection established to database,info
Critical system failure: memory leak detected,error
Heartbeat signal received,info
Request processed in 20ms,info
Permission denied: access to /etc/config rejected,error
Heartbeat signal received,info
Request processed in 20ms,info
Connection timeout: unable to reach server,error
Cache refreshed successfully,info
Database connection lost: unexpected shutdown,error
Heartbeat signal received,info
Critical system failure: memory leak detected,error
Critical system failure: memory leak detected,error
Cache refreshed successfully,info
Database connection lost: unexpected shutdown,error
User logged in successfully,info
Request processed in 20ms,info
API call returned 200 OK,info
Permission denied: access to /etc/config rejected,error
Disk space critically low on /dev/sda1,error
Permission denied: access to /etc/config rejected,error
Request processed in 20ms,info
Cache refreshed successfully,info
Connection established to database,info
Request processed in 20ms,info
Disk space critically low on /dev/sda1,error
Database connection lost: unexpected shutdown,error
Cache refreshed successfully,info
Request processed in 20ms,info
API call returned 200 OK,info
Database connection lost: unexpected shutdown,error
Heartbeat signal received,info
Request processed in 20ms,info
Cache refreshed successfully,info
Permission denied: access to /etc/config rejected,error
Permission denied: access to /etc/config rejected,error
Request processed in 20ms,info
Heartbeat signal received,info
Disk space critically low on /dev/sda1,error
NullPointerException at line 452 in main.py,error
Connection established to database,info
Permission denied: access to /etc/config rejected,error
Permission denied: access to /etc/config rejected,error
API call returned 200 OK,info
Critical system failure: memory leak detected,error
Cache refreshed successfully,info
Request processed in 20ms,info
Cache refreshed successfully,info
